ClientID,Name,Img
1,James Smith,https://i.pinimg.com/236x/d9/25/95/d9259577d2125585da1e78d178a7c12d.jpg
2,Emma Johnson,https://www.bing.com/th?id=OIP.9XkaSyay7Zed0c0eyYZTiQHaLr&w=150&h=236&c=8&rs=1&qlt=90&o=6&dpr=1.3&pid=3.1&rm=2
3,Liam Brown,https://i.pinimg.com/474x/e7/35/38/e7353833ee50ce398754841fdd5d348a.jpg
4,Olivia Jones,https://i.pinimg.com/236x/67/a4/f6/67a4f60ff594c979eeb545603eba4237.jpg
5,Noah Williams,https://i.pinimg.com/236x/29/87/b2/2987b2309faaf90a78155a916afed23a.jpg
6,Ava Taylor,https://www.bing.com/th?id=OIP.YfJ0cMePtpl7x32UQSW-xQHaKX&w=150&h=210&c=8&rs=1&qlt=90&o=6&dpr=1.3&pid=3.1&rm=2
7,William Davis,https://i.pinimg.com/474x/4f/c0/ab/4fc0ab458cf281315a6e7785509ad1ce.jpg
8,Sophia Wilson,https://i.pinimg.com/236x/ec/c7/88/ecc788872999b35a872eecd096ecefc7.jpg
9,Benjamin Moore,https://i.pinimg.com/236x/d5/94/be/d594be9babc962d23ead66961ff9c77b.jpg
10,Isabella Anderson,https://i.pinimg.com/236x/83/71/ff/8371ff796e7645505b6923aea09439b5.jpg
